{"cameraMode":{"drawMode":0,"name":"Shaded","section":"Shading Mode"},"sceneLighting":false,"audioPlay":false,"sceneViewState":{"showFog":true,"showMaterialUpdate":false,"showSkybox":false,"showFlares":true,"showImageEffects":true,"showParticleSystems":true},"in2DMode":false,"pivot":{"x":1.4000000953674317,"y":1.1655101776123047,"z":44.88694381713867},"rotation":{"x":0.07598941773176193,"y":-0.7583525776863098,"z":0.08980271220207215,"w":0.6412562131881714},"size":4.228390693664551,"orthographic":false}