{"cameraMode":{"drawMode":0,"name":"Shaded","section":"Shading Mode"},"sceneLighting":false,"audioPlay":false,"sceneViewState":{"showFog":true,"showMaterialUpdate":false,"showSkybox":false,"showFlares":true,"showImageEffects":true,"showParticleSystems":true},"in2DMode":false,"pivot":{"x":-2.1773080825805666,"y":3.032273530960083,"z":-9.208415031433106},"rotation":{"x":0.271889328956604,"y":-0.023034697398543359,"z":0.006421205122023821,"w":0.9621531367301941},"size":1.1489648818969727,"orthographic":false}