{"cameraMode":{"drawMode":0,"name":"Shaded","section":"Shading Mode"},"sceneLighting":false,"audioPlay":false,"sceneViewState":{"showFog":true,"showMaterialUpdate":false,"showSkybox":false,"showFlares":true,"showImageEffects":true,"showParticleSystems":true},"in2DMode":false,"pivot":{"x":5.907052516937256,"y":-0.16563455760478974,"z":103.74754333496094},"rotation":{"x":-0.08918388187885285,"y":0.04874154552817345,"z":-0.004348606802523136,"w":-0.9948682188987732},"size":4.786967754364014,"orthographic":false}